N,beta1,beta2,beta3,cor_xm,rel,method,par,coverage,rmse,rse_bias,std_bias,REPLICATIONS,N_lab,beta1_lab,beta2_lab,beta3_lab,cor_xm_lab,rel_lab
250,1,0.9,0.75,0,0.7,rapi,yint,0.924,0.1429887413461835,-0.183555709633355,0.2969492460145424,2000,italic(N) == 250,\beta_{1} == 1,\beta_{1} == 0.9,\beta_{1} == 0.75,Correlation_XM == 0,Reliability == 0.7
250,1,0.9,0.75,0,0.7,tspa,yint,0.938,0.11170829251239169,-0.10672856564655786,0.10427423467660325,2000,italic(N) == 250,\beta_{1} == 1,\beta_{1} == 0.9,\beta_{1} == 0.75,Correlation_XM == 0,Reliability == 0.7
250,1,0.9,0.75,0,0.7,upi,yint,0.7765,0.17840645857515783,-0.3606129809907743,-0.12553742309609722,2000,italic(N) == 250,\beta_{1} == 1,\beta_{1} == 0.9,\beta_{1} == 0.75,Correlation_XM == 0,Reliability == 0.7
250,1,0.9,0.75,0,0.8,rapi,yint,0.927,0.096039946845084,-0.10951744961460608,0.16289875988912617,2000,italic(N) == 250,\beta_{1} == 1,\beta_{1} == 0.9,\beta_{1} == 0.75,Correlation_XM == 0,Reliability == 0.8
250,1,0.9,0.75,0,0.8,tspa,yint,0.9335,0.08533926001789136,-0.0738480620727554,-0.014210605755070249,2000,italic(N) == 250,\beta_{1} == 1,\beta_{1} == 0.9,\beta_{1} == 0.75,Correlation_XM == 0,Reliability == 0.8
250,1,0.9,0.75,0,0.8,upi,yint,0.837,0.10547593929990748,-0.2253253641422608,-0.2198102233078296,2000,italic(N) == 250,\beta_{1} == 1,\beta_{1} == 0.9,\beta_{1} == 0.75,Correlation_XM == 0,Reliability == 0.8
250,1,0.9,0.75,0,0.9,rapi,yint,0.9445,0.07159947664863497,-0.03283784839372905,0.092237841506486,2000,italic(N) == 250,\beta_{1} == 1,\beta_{1} == 0.9,\beta_{1} == 0.75,Correlation_XM == 0,Reliability == 0.9
250,1,0.9,0.75,0,0.9,tspa,yint,0.944,0.06748144722602861,-0.0159973893876022,-0.04892505820616215,2000,italic(N) == 250,\beta_{1} == 1,\beta_{1} == 0.9,\beta_{1} == 0.75,Correlation_XM == 0,Reliability == 0.9
250,1,0.9,0.75,0,0.9,upi,yint,0.913,0.0749558556929707,-0.10666886469719761,-0.21377107214977312,2000,italic(N) == 250,\beta_{1} == 1,\beta_{1} == 0.9,\beta_{1} == 0.75,Correlation_XM == 0,Reliability == 0.9
250,1,0.9,0.75,0.3,0.7,rapi,yint,0.9045,0.13596118769355856,-0.22733481903224595,0.2798764549654517,2000,italic(N) == 250,\beta_{1} == 1,\beta_{1} == 0.9,\beta_{1} == 0.75,Correlation_XM == 0.3,Reliability == 0.7
250,1,0.9,0.75,0.3,0.7,tspa,yint,0.923,0.10447094869240844,-0.13201242555358628,0.09086171713757706,2000,italic(N) == 250,\beta_{1} == 1,\beta_{1} == 0.9,\beta_{1} == 0.75,Correlation_XM == 0.3,Reliability == 0.7
250,1,0.9,0.75,0.3,0.7,upi,yint,0.763,0.16593990517270404,-0.3764906222501898,-0.14642329788035754,2000,italic(N) == 250,\beta_{1} == 1,\beta_{1} == 0.9,\beta_{1} == 0.75,Correlation_XM == 0.3,Reliability == 0.7
250,1,0.9,0.75,0.3,0.8,rapi,yint,0.919,0.09283933923234053,-0.15416440608760962,0.1834150999265611,2000,italic(N) == 250,\beta_{1} == 1,\beta_{1} == 0.9,\beta_{1} == 0.75,Correlation_XM == 0.3,Reliability == 0.8
250,1,0.9,0.75,0.3,0.8,tspa,yint,0.9299999999999999,0.07898070381232034,-0.08296322997447136,0.006859563438687126,2000,italic(N) == 250,\beta_{1} == 1,\beta_{1} == 0.9,\beta_{1} == 0.75,Correlation_XM == 0.3,Reliability == 0.8
250,1,0.9,0.75,0.3,0.8,upi,yint,0.833,0.1059361626001398,-0.2868031180896241,-0.17178849098124793,2000,italic(N) == 250,\beta_{1} == 1,\beta_{1} == 0.9,\beta_{1} == 0.75,Correlation_XM == 0.3,Reliability == 0.8
250,1,0.9,0.75,0.3,0.9,rapi,yint,0.9425,0.06795372339992523,-0.05647120961981977,0.14599345380597656,2000,italic(N) == 250,\beta_{1} == 1,\beta_{1} == 0.9,\beta_{1} == 0.75,Correlation_XM == 0.3,Reliability == 0.9
250,1,0.9,0.75,0.3,0.9,tspa,yint,0.938,0.06455606295148561,-0.05344411744996358,0.006651858390708549,2000,italic(N) == 250,\beta_{1} == 1,\beta_{1} == 0.9,\beta_{1} == 0.75,Correlation_XM == 0.3,Reliability == 0.9
250,1,0.9,0.75,0.3,0.9,upi,yint,0.905,0.06854798141862914,-0.10241363852570795,-0.15330885893334142,2000,italic(N) == 250,\beta_{1} == 1,\beta_{1} == 0.9,\beta_{1} == 0.75,Correlation_XM == 0.3,Reliability == 0.9
250,1,0.9,0.75,0.6,0.7,rapi,yint,0.9015,0.1096074824719905,-0.21846538346553146,0.29688031974754736,2000,italic(N) == 250,\beta_{1} == 1,\beta_{1} == 0.9,\beta_{1} == 0.75,Correlation_XM == 0.6,Reliability == 0.7
250,1,0.9,0.75,0.6,0.7,tspa,yint,0.914,0.08881471808869128,-0.142499405901658,0.14509593609578236,2000,italic(N) == 250,\beta_{1} == 1,\beta_{1} == 0.9,\beta_{1} == 0.75,Correlation_XM == 0.6,Reliability == 0.7
250,1,0.9,0.75,0.6,0.7,upi,yint,0.783,0.3277225808893903,-0.7023786721576047,-0.022121596282214034,2000,italic(N) == 250,\beta_{1} == 1,\beta_{1} == 0.9,\beta_{1} == 0.75,Correlation_XM == 0.6,Reliability == 0.7
250,1,0.9,0.75,0.6,0.8,rapi,yint,0.914,0.07642798192209362,-0.14334108679211433,0.19920868560161523,2000,italic(N) == 250,\beta_{1} == 1,\beta_{1} == 0.9,\beta_{1} == 0.75,Correlation_XM == 0.6,Reliability == 0.8
250,1,0.9,0.75,0.6,0.8,tspa,yint,0.915,0.06861556364823643,-0.11732267399419383,0.023987197967450358,2000,italic(N) == 250,\beta_{1} == 1,\beta_{1} == 0.9,\beta_{1} == 0.75,Correlation_XM == 0.6,Reliability == 0.8
250,1,0.9,0.75,0.6,0.8,upi,yint,0.837,0.08361938369372969,-0.23682652622086087,-0.16353814774363234,2000,italic(N) == 250,\beta_{1} == 1,\beta_{1} == 0.9,\beta_{1} == 0.75,Correlation_XM == 0.6,Reliability == 0.8
250,1,0.9,0.75,0.6,0.9,rapi,yint,0.9305,0.05877657557476026,-0.07118705541157389,0.14588963315969905,2000,italic(N) == 250,\beta_{1} == 1,\beta_{1} == 0.9,\beta_{1} == 0.75,Correlation_XM == 0.6,Reliability == 0.9
250,1,0.9,0.75,0.6,0.9,tspa,yint,0.924,0.057214429456475785,-0.08860308980326992,0.005730344844581697,2000,italic(N) == 250,\beta_{1} == 1,\beta_{1} == 0.9,\beta_{1} == 0.75,Correlation_XM == 0.6,Reliability == 0.9
250,1,0.9,0.75,0.6,0.9,upi,yint,0.908,0.05971360818737171,-0.11343702254592614,-0.13961548135126461,2000,italic(N) == 250,\beta_{1} == 1,\beta_{1} == 0.9,\beta_{1} == 0.75,Correlation_XM == 0.6,Reliability == 0.9
250,1,0.9,0.8,0,0.7,rapi,yint,0.9339999999999999,0.14044321636545196,-0.20871853698346554,0.22876083635571315,2000,italic(N) == 250,\beta_{1} == 1,\beta_{1} == 0.9,\beta_{1} == 0.8,Correlation_XM == 0,Reliability == 0.7
250,1,0.9,0.8,0,0.7,tspa,yint,0.9339999999999999,0.10994877535249259,-0.11879791318724853,0.05289912972269306,2000,italic(N) == 250,\beta_{1} == 1,\beta_{1} == 0.9,\beta_{1} == 0.8,Correlation_XM == 0,Reliability == 0.7
250,1,0.9,0.8,0,0.7,upi,yint,0.7785,0.21176314523521533,-0.4268540875128124,-0.06127265383796159,2000,italic(N) == 250,\beta_{1} == 1,\beta_{1} == 0.9,\beta_{1} == 0.8,Correlation_XM == 0,Reliability == 0.7
250,1,0.9,0.8,0,0.8,rapi,yint,0.931,0.09204237950915257,-0.08861650734327942,0.15869155527245268,2000,italic(N) == 250,\beta_{1} == 1,\beta_{1} == 0.9,\beta_{1} == 0.8,Correlation_XM == 0,Reliability == 0.8
250,1,0.9,0.8,0,0.8,tspa,yint,0.941,0.08282137310961746,-0.05684142196017228,0.0029083732860685613,2000,italic(N) == 250,\beta_{1} == 1,\beta_{1} == 0.9,\beta_{1} == 0.8,Correlation_XM == 0,Reliability == 0.8
250,1,0.9,0.8,0,0.8,upi,yint,0.857,0.10356373411011295,-0.21053045071706433,-0.16476892661426934,2000,italic(N) == 250,\beta_{1} == 1,\beta_{1} == 0.9,\beta_{1} == 0.8,Correlation_XM == 0,Reliability == 0.8
250,1,0.9,0.8,0,0.9,rapi,yint,0.9359999999999999,0.07305214067800969,-0.057260380657875865,0.10984884753145478,2000,italic(N) == 250,\beta_{1} == 1,\beta_{1} == 0.9,\beta_{1} == 0.8,Correlation_XM == 0,Reliability == 0.9
250,1,0.9,0.8,0,0.9,tspa,yint,0.9385,0.06954959707658062,-0.04996890921642816,-0.007472626272809247,2000,italic(N) == 250,\beta_{1} == 1,\beta_{1} == 0.9,\beta_{1} == 0.8,Correlation_XM == 0,Reliability == 0.9
250,1,0.9,0.8,0,0.9,upi,yint,0.9135,0.07530167399075484,-0.11028238179659045,-0.10486867707733817,2000,italic(N) == 250,\beta_{1} == 1,\beta_{1} == 0.9,\beta_{1} == 0.8,Correlation_XM == 0,Reliability == 0.9
250,1,0.9,0.8,0.3,0.7,rapi,yint,0.917,0.13149611644813394,-0.22027417146584938,0.2684114199889133,2000,italic(N) == 250,\beta_{1} == 1,\beta_{1} == 0.9,\beta_{1} == 0.8,Correlation_XM == 0.3,Reliability == 0.7
250,1,0.9,0.8,0.3,0.7,tspa,yint,0.931,0.10273526470037479,-0.12921524807661755,0.10666145752158664,2000,italic(N) == 250,\beta_{1} == 1,\beta_{1} == 0.9,\beta_{1} == 0.8,Correlation_XM == 0.3,Reliability == 0.7
250,1,0.9,0.8,0.3,0.7,upi,yint,0.7985,0.17913387059821234,-0.38306500729982584,-0.033884844835804666,2000,italic(N) == 250,\beta_{1} == 1,\beta_{1} == 0.9,\beta_{1} == 0.8,Correlation_XM == 0.3,Reliability == 0.7
250,1,0.9,0.8,0.3,0.8,rapi,yint,0.9259999999999999,0.08762537021420834,-0.12594304919241084,0.17233266163737282,2000,italic(N) == 250,\beta_{1} == 1,\beta_{1} == 0.9,\beta_{1} == 0.8,Correlation_XM == 0.3,Reliability == 0.8
250,1,0.9,0.8,0.3,0.8,tspa,yint,0.929,0.07803145138924913,-0.08466782117665084,0.025898887814725654,2000,italic(N) == 250,\beta_{1} == 1,\beta_{1} == 0.9,\beta_{1} == 0.8,Correlation_XM == 0.3,Reliability == 0.8
250,1,0.9,0.8,0.3,0.8,upi,yint,0.855,0.09591444950011098,-0.21748735914563422,-0.14153283005898082,2000,italic(N) == 250,\beta_{1} == 1,\beta_{1} == 0.9,\beta_{1} == 0.8,Correlation_XM == 0.3,Reliability == 0.8
250,1,0.9,0.8,0.3,0.9,rapi,yint,0.928,0.06947845555026291,-0.09115428701915684,0.12257398005060768,2000,italic(N) == 250,\beta_{1} == 1,\beta_{1} == 0.9,\beta_{1} == 0.8,Correlation_XM == 0.3,Reliability == 0.9
250,1,0.9,0.8,0.3,0.9,tspa,yint,0.9225,0.06564607574363208,-0.07605297143795609,0.007950227053606533,2000,italic(N) == 250,\beta_{1} == 1,\beta_{1} == 0.9,\beta_{1} == 0.8,Correlation_XM == 0.3,Reliability == 0.9
250,1,0.9,0.8,0.3,0.9,upi,yint,0.9005,0.0713546815289972,-0.1387259200947597,-0.09622127296309452,2000,italic(N) == 250,\beta_{1} == 1,\beta_{1} == 0.9,\beta_{1} == 0.8,Correlation_XM == 0.3,Reliability == 0.9
250,1,0.9,0.8,0.6,0.7,rapi,yint,0.9005,0.10424590961558935,-0.21139480838781033,0.24410943444417477,2000,italic(N) == 250,\beta_{1} == 1,\beta_{1} == 0.9,\beta_{1} == 0.8,Correlation_XM == 0.6,Reliability == 0.7
250,1,0.9,0.8,0.6,0.7,tspa,yint,0.921,0.08393972288711962,-0.12093594323035917,0.09283168089656592,2000,italic(N) == 250,\beta_{1} == 1,\beta_{1} == 0.9,\beta_{1} == 0.8,Correlation_XM == 0.6,Reliability == 0.7
250,1,0.9,0.8,0.6,0.7,upi,yint,0.7895,0.13711780977233046,-0.3715551417073373,-0.052149236907391386,2000,italic(N) == 250,\beta_{1} == 1,\beta_{1} == 0.9,\beta_{1} == 0.8,Correlation_XM == 0.6,Reliability == 0.7
250,1,0.9,0.8,0.6,0.8,rapi,yint,0.9025,0.07503511177627052,-0.15322492565581447,0.1675886973526717,2000,italic(N) == 250,\beta_{1} == 1,\beta_{1} == 0.9,\beta_{1} == 0.8,Correlation_XM == 0.6,Reliability == 0.8
250,1,0.9,0.8,0.6,0.8,tspa,yint,0.9155,0.06834572417873713,-0.12227273178540221,0.04741691008382914,2000,italic(N) == 250,\beta_{1} == 1,\beta_{1} == 0.9,\beta_{1} == 0.8,Correlation_XM == 0.6,Reliability == 0.8
250,1,0.9,0.8,0.6,0.8,upi,yint,0.846,0.08400105414218136,-0.24808908393408435,-0.13001189856854714,2000,italic(N) == 250,\beta_{1} == 1,\beta_{1} == 0.9,\beta_{1} == 0.8,Correlation_XM == 0.6,Reliability == 0.8
250,1,0.9,0.8,0.6,0.9,rapi,yint,0.9325,0.05781575799988526,-0.07581813859810271,0.10950504651813275,2000,italic(N) == 250,\beta_{1} == 1,\beta_{1} == 0.9,\beta_{1} == 0.8,Correlation_XM == 0.6,Reliability == 0.9
250,1,0.9,0.8,0.6,0.9,tspa,yint,0.921,0.05764289648807628,-0.10373472950100981,0.00697225517325032,2000,italic(N) == 250,\beta_{1} == 1,\beta_{1} == 0.9,\beta_{1} == 0.8,Correlation_XM == 0.6,Reliability == 0.9
250,1,0.9,0.8,0.6,0.9,upi,yint,0.915,0.05985592081603037,-0.11910231436336438,-0.09416465152544445,2000,italic(N) == 250,\beta_{1} == 1,\beta_{1} == 0.9,\beta_{1} == 0.8,Correlation_XM == 0.6,Reliability == 0.9
250,1,0.9,0.85,0,0.7,rapi,yint,0.919,0.1349991254969229,-0.18739485805346823,0.2601160593858254,2000,italic(N) == 250,\beta_{1} == 1,\beta_{1} == 0.9,\beta_{1} == 0.85,Correlation_XM == 0,Reliability == 0.7
250,1,0.9,0.85,0,0.7,tspa,yint,0.9375,0.10539986754698809,-0.09817177780239383,0.06860561333024111,2000,italic(N) == 250,\beta_{1} == 1,\beta_{1} == 0.9,\beta_{1} == 0.85,Correlation_XM == 0,Reliability == 0.7
250,1,0.9,0.85,0,0.7,upi,yint,0.8145,0.17890039570868496,-0.3382188596802629,-0.03635044596626216,2000,italic(N) == 250,\beta_{1} == 1,\beta_{1} == 0.9,\beta_{1} == 0.85,Correlation_XM == 0,Reliability == 0.7
250,1,0.9,0.85,0,0.8,rapi,yint,0.923,0.0934289686577104,-0.11195864018714585,0.17890844030413547,2000,italic(N) == 250,\beta_{1} == 1,\beta_{1} == 0.9,\beta_{1} == 0.85,Correlation_XM == 0,Reliability == 0.8
250,1,0.9,0.85,0,0.8,tspa,yint,0.9335,0.08462244424741763,-0.08873166055235882,0.04142702405290258,2000,italic(N) == 250,\beta_{1} == 1,\beta_{1} == 0.9,\beta_{1} == 0.85,Correlation_XM == 0,Reliability == 0.8
250,1,0.9,0.85,0,0.8,upi,yint,0.8745,0.1022086244779844,-0.19936548977268043,-0.07847616273469278,2000,italic(N) == 250,\beta_{1} == 1,\beta_{1} == 0.9,\beta_{1} == 0.85,Correlation_XM == 0,Reliability == 0.8
250,1,0.9,0.85,0,0.9,rapi,yint,0.9425,0.07009259087865526,-0.03436686691102886,0.07591762101418638,2000,italic(N) == 250,\beta_{1} == 1,\beta_{1} == 0.9,\beta_{1} == 0.85,Correlation_XM == 0,Reliability == 0.9
250,1,0.9,0.85,0,0.9,tspa,yint,0.938,0.06868968416994162,-0.04524075776249625,-0.0182250118820992,2000,italic(N) == 250,\beta_{1} == 1,\beta_{1} == 0.9,\beta_{1} == 0.85,Correlation_XM == 0,Reliability == 0.9
250,1,0.9,0.85,0,0.9,upi,yint,0.923,0.07295537196148451,-0.08612344319304499,-0.09409633534385947,2000,italic(N) == 250,\beta_{1} == 1,\beta_{1} == 0.9,\beta_{1} == 0.85,Correlation_XM == 0,Reliability == 0.9
250,1,0.9,0.85,0.3,0.7,rapi,yint,0.9105,0.15325093135554696,-0.32347114248001785,0.2211079719971424,2000,italic(N) == 250,\beta_{1} == 1,\beta_{1} == 0.9,\beta_{1} == 0.85,Correlation_XM == 0.3,Reliability == 0.7
250,1,0.9,0.85,0.3,0.7,tspa,yint,0.919,0.1061749261784968,-0.17012543670778868,0.08643717353477932,2000,italic(N) == 250,\beta_{1} == 1,\beta_{1} == 0.9,\beta_{1} == 0.85,Correlation_XM == 0.3,Reliability == 0.7
250,1,0.9,0.85,0.3,0.7,upi,yint,0.8089999999999999,0.2124454359339219,-0.49162900748396676,-1.3945261919798955e-4,2000,italic(N) == 250,\beta_{1} == 1,\beta_{1} == 0.9,\beta_{1} == 0.85,Correlation_XM == 0.3,Reliability == 0.7
250,1,0.9,0.85,0.3,0.8,rapi,yint,0.922,0.08605568146431941,-0.11843344740885331,0.18547488999822315,2000,italic(N) == 250,\beta_{1} == 1,\beta_{1} == 0.9,\beta_{1} == 0.85,Correlation_XM == 0.3,Reliability == 0.8
250,1,0.9,0.85,0.3,0.8,tspa,yint,0.9305,0.07769789224550422,-0.09104853628852383,0.0434084602998726,2000,italic(N) == 250,\beta_{1} == 1,\beta_{1} == 0.9,\beta_{1} == 0.85,Correlation_XM == 0.3,Reliability == 0.8
250,1,0.9,0.85,0.3,0.8,upi,yint,0.889,0.09431972151896555,-0.20164138941017518,-0.0629167103347341,2000,italic(N) == 250,\beta_{1} == 1,\beta_{1} == 0.9,\beta_{1} == 0.85,Correlation_XM == 0.3,Reliability == 0.8
250,1,0.9,0.85,0.3,0.9,rapi,yint,0.933,0.06679365903271307,-0.0536270638339581,0.12261275900208095,2000,italic(N) == 250,\beta_{1} == 1,\beta_{1} == 0.9,\beta_{1} == 0.85,Correlation_XM == 0.3,Reliability == 0.9
250,1,0.9,0.85,0.3,0.9,tspa,yint,0.9299999999999999,0.06452871818950631,-0.05745069989798002,0.017412916612335,2000,italic(N) == 250,\beta_{1} == 1,\beta_{1} == 0.9,\beta_{1} == 0.85,Correlation_XM == 0.3,Reliability == 0.9
250,1,0.9,0.85,0.3,0.9,upi,yint,0.9195,0.06904005548334564,-0.10122587166140218,-0.0582958463825372,2000,italic(N) == 250,\beta_{1} == 1,\beta_{1} == 0.9,\beta_{1} == 0.85,Correlation_XM == 0.3,Reliability == 0.9
250,1,0.9,0.85,0.6,0.7,rapi,yint,0.897,0.10028326978363072,-0.21252224466921765,0.23583867689061683,2000,italic(N) == 250,\beta_{1} == 1,\beta_{1} == 0.9,\beta_{1} == 0.85,Correlation_XM == 0.6,Reliability == 0.7
250,1,0.9,0.85,0.6,0.7,tspa,yint,0.926,0.07973420354679549,-0.11032336699192369,0.073859710951875,2000,italic(N) == 250,\beta_{1} == 1,\beta_{1} == 0.9,\beta_{1} == 0.85,Correlation_XM == 0.6,Reliability == 0.7
250,1,0.9,0.85,0.6,0.7,upi,yint,0.819,0.18398471886291537,-0.5049525973767587,-0.013493222570422559,2000,italic(N) == 250,\beta_{1} == 1,\beta_{1} == 0.9,\beta_{1} == 0.85,Correlation_XM == 0.6,Reliability == 0.7
250,1,0.9,0.85,0.6,0.8,rapi,yint,0.905,0.0750469466439824,-0.17154733435894576,0.13234675917611985,2000,italic(N) == 250,\beta_{1} == 1,\beta_{1} == 0.9,\beta_{1} == 0.85,Correlation_XM == 0.6,Reliability == 0.8
250,1,0.9,0.85,0.6,0.8,tspa,yint,0.909,0.06881874675715696,-0.14210561292641466,0.028284558401932888,2000,italic(N) == 250,\beta_{1} == 1,\beta_{1} == 0.9,\beta_{1} == 0.85,Correlation_XM == 0.6,Reliability == 0.8
250,1,0.9,0.85,0.6,0.8,upi,yint,0.8455,0.08701708377861755,-0.2680713625079615,-0.08121817429694729,2000,italic(N) == 250,\beta_{1} == 1,\beta_{1} == 0.9,\beta_{1} == 0.85,Correlation_XM == 0.6,Reliability == 0.8
250,1,0.9,0.85,0.6,0.9,rapi,yint,0.919,0.059898267586683575,-0.11090803041224662,0.0772121616717043,2000,italic(N) == 250,\beta_{1} == 1,\beta_{1} == 0.9,\beta_{1} == 0.85,Correlation_XM == 0.6,Reliability == 0.9
250,1,0.9,0.85,0.6,0.9,tspa,yint,0.9115,0.059126592385722564,-0.1256895681254393,-0.0083282318805876,2000,italic(N) == 250,\beta_{1} == 1,\beta_{1} == 0.9,\beta_{1} == 0.85,Correlation_XM == 0.6,Reliability == 0.9
250,1,0.9,0.85,0.6,0.9,upi,yint,0.8995,0.062637020708822,-0.15075522488472204,-0.062439158978990855,2000,italic(N) == 250,\beta_{1} == 1,\beta_{1} == 0.9,\beta_{1} == 0.85,Correlation_XM == 0.6,Reliability == 0.9
500,1,0.9,0.75,0,0.7,rapi,yint,0.9125,0.09049592909169499,-0.17115133534326654,0.2569633791652363,2000,italic(N) == 500,\beta_{1} == 1,\beta_{1} == 0.9,\beta_{1} == 0.75,Correlation_XM == 0,Reliability == 0.7
500,1,0.9,0.75,0,0.7,tspa,yint,0.9285,0.07583951606808355,-0.10104861535843412,0.0873354923902326,2000,italic(N) == 500,\beta_{1} == 1,\beta_{1} == 0.9,\beta_{1} == 0.75,Correlation_XM == 0,Reliability == 0.7
500,1,0.9,0.75,0,0.7,upi,yint,0.7635,0.10968537641881945,-0.33460394059825416,-0.27253759991041354,2000,italic(N) == 500,\beta_{1} == 1,\beta_{1} == 0.9,\beta_{1} == 0.75,Correlation_XM == 0,Reliability == 0.7
500,1,0.9,0.75,0,0.8,rapi,yint,0.9299999999999999,0.06386809490746453,-0.09294982879029956,0.15719633754277904,2000,italic(N) == 500,\beta_{1} == 1,\beta_{1} == 0.9,\beta_{1} == 0.75,Correlation_XM == 0,Reliability == 0.8
500,1,0.9,0.75,0,0.8,tspa,yint,0.9455,0.05825168740793006,-0.05740341215036415,0.004610950689662516,2000,italic(N) == 500,\beta_{1} == 1,\beta_{1} == 0.9,\beta_{1} == 0.75,Correlation_XM == 0,Reliability == 0.8
500,1,0.9,0.75,0,0.8,upi,yint,0.831,0.07234873491707515,-0.20106391960019643,-0.3704694422290768,2000,italic(N) == 500,\beta_{1} == 1,\beta_{1} == 0.9,\beta_{1} == 0.75,Correlation_XM == 0,Reliability == 0.8
500,1,0.9,0.75,0,0.9,rapi,yint,0.938,0.05152069809981169,-0.06372436857494734,0.12902657514320176,2000,italic(N) == 500,\beta_{1} == 1,\beta_{1} == 0.9,\beta_{1} == 0.75,Correlation_XM == 0,Reliability == 0.9
500,1,0.9,0.75,0,0.9,tspa,yint,0.925,0.0500644955059965,-0.07114046460773849,-0.011920372202134792,2000,italic(N) == 500,\beta_{1} == 1,\beta_{1} == 0.9,\beta_{1} == 0.75,Correlation_XM == 0,Reliability == 0.9
500,1,0.9,0.75,0,0.9,upi,yint,0.9035,0.052455869055201325,-0.09629701197944784,-0.2790957382386671,2000,italic(N) == 500,\beta_{1} == 1,\beta_{1} == 0.9,\beta_{1} == 0.75,Correlation_XM == 0,Reliability == 0.9
500,1,0.9,0.75,0.3,0.7,rapi,yint,0.9045,0.08148654246372182,-0.16890232810507955,0.25410094808515654,2000,italic(N) == 500,\beta_{1} == 1,\beta_{1} == 0.9,\beta_{1} == 0.75,Correlation_XM == 0.3,Reliability == 0.7
500,1,0.9,0.75,0.3,0.7,tspa,yint,0.9295,0.06744800042579867,-0.08310149431055647,0.08451932132897003,2000,italic(N) == 500,\beta_{1} == 1,\beta_{1} == 0.9,\beta_{1} == 0.75,Correlation_XM == 0.3,Reliability == 0.7
500,1,0.9,0.75,0.3,0.7,upi,yint,0.7575000000000001,0.09586289020623466,-0.3020066594372012,-0.3179805668900728,2000,italic(N) == 500,\beta_{1} == 1,\beta_{1} == 0.9,\beta_{1} == 0.75,Correlation_XM == 0.3,Reliability == 0.7
500,1,0.9,0.75,0.3,0.8,rapi,yint,0.931,0.05784588685625292,-0.08432826380278746,0.18411558284721719,2000,italic(N) == 500,\beta_{1} == 1,\beta_{1} == 0.9,\beta_{1} == 0.75,Correlation_XM == 0.3,Reliability == 0.8
500,1,0.9,0.75,0.3,0.8,tspa,yint,0.938,0.052475666909098787,-0.046505776037701896,0.019078893115179192,2000,italic(N) == 500,\beta_{1} == 1,\beta_{1} == 0.9,\beta_{1} == 0.75,Correlation_XM == 0.3,Reliability == 0.8
500,1,0.9,0.75,0.3,0.8,upi,yint,0.8240000000000001,0.06657013549599705,-0.20424663053578118,-0.3713568035657784,2000,italic(N) == 500,\beta_{1} == 1,\beta_{1} == 0.9,\beta_{1} == 0.75,Correlation_XM == 0.3,Reliability == 0.8
500,1,0.9,0.75,0.3,0.9,rapi,yint,0.9395,0.047342096233195435,-0.05907820365823413,0.14954134978423683,2000,italic(N) == 500,\beta_{1} == 1,\beta_{1} == 0.9,\beta_{1} == 0.75,Correlation_XM == 0.3,Reliability == 0.9
500,1,0.9,0.75,0.3,0.9,tspa,yint,0.9410000000000001,0.04522965114020731,-0.051229837122031996,0.008189730738805133,2000,italic(N) == 500,\beta_{1} == 1,\beta_{1} == 0.9,\beta_{1} == 0.75,Correlation_XM == 0.3,Reliability == 0.9
500,1,0.9,0.75,0.3,0.9,upi,yint,0.8965,0.04925224069677547,-0.11426371225939291,-0.2356917879493978,2000,italic(N) == 500,\beta_{1} == 1,\beta_{1} == 0.9,\beta_{1} == 0.75,Correlation_XM == 0.3,Reliability == 0.9
500,1,0.9,0.75,0.6,0.7,rapi,yint,0.8885000000000001,0.06723685011516685,-0.19046693000393655,0.2044900687631137,2000,italic(N) == 500,\beta_{1} == 1,\beta_{1} == 0.9,\beta_{1} == 0.75,Correlation_XM == 0.6,Reliability == 0.7
500,1,0.9,0.75,0.6,0.7,tspa,yint,0.9205,0.05747416470126765,-0.12052868641221126,0.03650641298088784,2000,italic(N) == 500,\beta_{1} == 1,\beta_{1} == 0.9,\beta_{1} == 0.75,Correlation_XM == 0.6,Reliability == 0.7
500,1,0.9,0.75,0.6,0.7,upi,yint,0.7535000000000001,0.0844452228685977,-0.33459505357292685,-0.2844066449724656,2000,italic(N) == 500,\beta_{1} == 1,\beta_{1} == 0.9,\beta_{1} == 0.75,Correlation_XM == 0.6,Reliability == 0.7
500,1,0.9,0.75,0.6,0.8,rapi,yint,0.897,0.05358848744352896,-0.1743869074339982,0.18870806652571107,2000,italic(N) == 500,\beta_{1} == 1,\beta_{1} == 0.9,\beta_{1} == 0.75,Correlation_XM == 0.6,Reliability == 0.8
500,1,0.9,0.75,0.6,0.8,tspa,yint,0.912,0.04814485176040588,-0.12789631488104924,0.036349973012273315,2000,italic(N) == 500,\beta_{1} == 1,\beta_{1} == 0.9,\beta_{1} == 0.75,Correlation_XM == 0.6,Reliability == 0.8
500,1,0.9,0.75,0.6,0.8,upi,yint,0.8165,0.06045571737268657,-0.264553651709022,-0.2866583497092356,2000,italic(N) == 500,\beta_{1} == 1,\beta_{1} == 0.9,\beta_{1} == 0.75,Correlation_XM == 0.6,Reliability == 0.8
500,1,0.9,0.75,0.6,0.9,rapi,yint,0.929,0.04020144086718552,-0.06597494678757498,0.11811861407022406,2000,italic(N) == 500,\beta_{1} == 1,\beta_{1} == 0.9,\beta_{1} == 0.75,Correlation_XM == 0.6,Reliability == 0.9
500,1,0.9,0.75,0.6,0.9,tspa,yint,0.924,0.04004000171606726,-0.08919607707263,-0.009407635364619913,2000,italic(N) == 500,\beta_{1} == 1,\beta_{1} == 0.9,\beta_{1} == 0.75,Correlation_XM == 0.6,Reliability == 0.9
500,1,0.9,0.75,0.6,0.9,upi,yint,0.898,0.0427969413315062,-0.12457705606154834,-0.24541494943730255,2000,italic(N) == 500,\beta_{1} == 1,\beta_{1} == 0.9,\beta_{1} == 0.75,Correlation_XM == 0.6,Reliability == 0.9
500,1,0.9,0.8,0,0.7,rapi,yint,0.9095,0.09044698382833843,-0.20291023462542157,0.23455197782558013,2000,italic(N) == 500,\beta_{1} == 1,\beta_{1} == 0.9,\beta_{1} == 0.8,Correlation_XM == 0,Reliability == 0.7
500,1,0.9,0.8,0,0.7,tspa,yint,0.922,0.07502360079956512,-0.11479476181289638,0.10056220809544039,2000,italic(N) == 500,\beta_{1} == 1,\beta_{1} == 0.9,\beta_{1} == 0.8,Correlation_XM == 0,Reliability == 0.7
500,1,0.9,0.8,0,0.7,upi,yint,0.7955,0.10503229515504292,-0.3149496833270159,-0.20160846142781347,2000,italic(N) == 500,\beta_{1} == 1,\beta_{1} == 0.9,\beta_{1} == 0.8,Correlation_XM == 0,Reliability == 0.7
500,1,0.9,0.8,0,0.8,rapi,yint,0.919,0.06439622615841967,-0.11617892128847251,0.17366580127397305,2000,italic(N) == 500,\beta_{1} == 1,\beta_{1} == 0.9,\beta_{1} == 0.8,Correlation_XM == 0,Reliability == 0.8
500,1,0.9,0.8,0,0.8,tspa,yint,0.9255,0.05862367902659952,-0.078348974693918,0.04323681789794685,2000,italic(N) == 500,\beta_{1} == 1,\beta_{1} == 0.9,\beta_{1} == 0.8,Correlation_XM == 0,Reliability == 0.8
500,1,0.9,0.8,0,0.8,upi,yint,0.858,0.06951213235685273,-0.1899067250281239,-0.22035734449248506,2000,italic(N) == 500,\beta_{1} == 1,\beta_{1} == 0.9,\beta_{1} == 0.8,Correlation_XM == 0,Reliability == 0.8
500,1,0.9,0.8,0,0.9,rapi,yint,0.937,0.050827141991870856,-0.06257382018713087,0.10886321981320925,2000,italic(N) == 500,\beta_{1} == 1,\beta_{1} == 0.9,\beta_{1} == 0.8,Correlation_XM == 0,Reliability == 0.9
500,1,0.9,0.8,0,0.9,tspa,yint,0.9305,0.04938283307903194,-0.06158211670427838,0.01091935375954391,2000,italic(N) == 500,\beta_{1} == 1,\beta_{1} == 0.9,\beta_{1} == 0.8,Correlation_XM == 0,Reliability == 0.9
500,1,0.9,0.8,0,0.9,upi,yint,0.9075,0.052177595610475976,-0.101439990701776,-0.18929780441101818,2000,italic(N) == 500,\beta_{1} == 1,\beta_{1} == 0.9,\beta_{1} == 0.8,Correlation_XM == 0,Reliability == 0.9
500,1,0.9,0.8,0.3,0.7,rapi,yint,0.905,0.08092988579664537,-0.18417420632739356,0.24271710458455178,2000,italic(N) == 500,\beta_{1} == 1,\beta_{1} == 0.9,\beta_{1} == 0.8,Correlation_XM == 0.3,Reliability == 0.7
500,1,0.9,0.8,0.3,0.7,tspa,yint,0.9255,0.06788401935507767,-0.10820791114522355,0.08645020753102813,2000,italic(N) == 500,\beta_{1} == 1,\beta_{1} == 0.9,\beta_{1} == 0.8,Correlation_XM == 0.3,Reliability == 0.7
500,1,0.9,0.8,0.3,0.7,upi,yint,0.796,0.09657034637919995,-0.31050009015157365,-0.20710594528375298,2000,italic(N) == 500,\beta_{1} == 1,\beta_{1} == 0.9,\beta_{1} == 0.8,Correlation_XM == 0.3,Reliability == 0.7
500,1,0.9,0.8,0.3,0.8,rapi,yint,0.9215,0.058122558040187344,-0.11515338447044676,0.12695155328104474,2000,italic(N) == 500,\beta_{1} == 1,\beta_{1} == 0.9,\beta_{1} == 0.8,Correlation_XM == 0.3,Reliability == 0.8
500,1,0.9,0.8,0.3,0.8,tspa,yint,0.927,0.05406184981651764,-0.08599521612509575,0.017523078025019328,2000,italic(N) == 500,\beta_{1} == 1,\beta_{1} == 0.9,\beta_{1} == 0.8,Correlation_XM == 0.3,Reliability == 0.8
500,1,0.9,0.8,0.3,0.8,upi,yint,0.847,0.06641407810861058,-0.21541278365099736,-0.26962760679910464,2000,italic(N) == 500,\beta_{1} == 1,\beta_{1} == 0.9,\beta_{1} == 0.8,Correlation_XM == 0.3,Reliability == 0.8
500,1,0.9,0.8,0.3,0.9,rapi,yint,0.9385,0.04665293119810922,-0.06387348566644224,0.07742698868281214,2000,italic(N) == 500,\beta_{1} == 1,\beta_{1} == 0.9,\beta_{1} == 0.8,Correlation_XM == 0.3,Reliability == 0.9
500,1,0.9,0.8,0.3,0.9,tspa,yint,0.9245,0.04648388710900141,-0.08391425339402536,-0.030744288594411074,2000,italic(N) == 500,\beta_{1} == 1,\beta_{1} == 0.9,\beta_{1} == 0.8,Correlation_XM == 0.3,Reliability == 0.9
500,1,0.9,0.8,0.3,0.9,upi,yint,0.9065,0.04903287682232474,-0.11256169725140375,-0.20105944241917179,2000,italic(N) == 500,\beta_{1} == 1,\beta_{1} == 0.9,\beta_{1} == 0.8,Correlation_XM == 0.3,Reliability == 0.9
500,1,0.9,0.8,0.6,0.7,rapi,yint,0.888,0.06766098642205444,-0.2058214972529645,0.20915711429240388,2000,italic(N) == 500,\beta_{1} == 1,\beta_{1} == 0.9,\beta_{1} == 0.8,Correlation_XM == 0.6,Reliability == 0.7
500,1,0.9,0.8,0.6,0.7,tspa,yint,0.92,0.057482170184575826,-0.1300710471766664,0.05994424426835899,2000,italic(N) == 500,\beta_{1} == 1,\beta_{1} == 0.9,\beta_{1} == 0.8,Correlation_XM == 0.6,Reliability == 0.7
500,1,0.9,0.8,0.6,0.7,upi,yint,0.7975,0.07968040734418134,-0.2965774955975621,-0.2075627277396137,2000,italic(N) == 500,\beta_{1} == 1,\beta_{1} == 0.9,\beta_{1} == 0.8,Correlation_XM == 0.6,Reliability == 0.7
500,1,0.9,0.8,0.6,0.8,rapi,yint,0.9085,0.05076005058157915,-0.135588581155074,0.19114223505111944,2000,italic(N) == 500,\beta_{1} == 1,\beta_{1} == 0.9,\beta_{1} == 0.8,Correlation_XM == 0.6,Reliability == 0.8
500,1,0.9,0.8,0.6,0.8,tspa,yint,0.927,0.04604999696277005,-0.09376971544310797,0.051102528607252826,2000,italic(N) == 500,\beta_{1} == 1,\beta_{1} == 0.9,\beta_{1} == 0.8,Correlation_XM == 0.6,Reliability == 0.8
500,1,0.9,0.8,0.6,0.8,upi,yint,0.84,0.0569520723837926,-0.22372562813088281,-0.18169221523914472,2000,italic(N) == 500,\beta_{1} == 1,\beta_{1} == 0.9,\beta_{1} == 0.8,Correlation_XM == 0.6,Reliability == 0.8
500,1,0.9,0.8,0.6,0.9,rapi,yint,0.93,0.04050822049345556,-0.08116294085797116,0.12174544568693504,2000,italic(N) == 500,\beta_{1} == 1,\beta_{1} == 0.9,\beta_{1} == 0.8,Correlation_XM == 0.6,Reliability == 0.9
500,1,0.9,0.8,0.6,0.9,tspa,yint,0.927,0.040051872675249296,-0.09446501830623699,0.022557354970902735,2000,italic(N) == 500,\beta_{1} == 1,\beta_{1} == 0.9,\beta_{1} == 0.8,Correlation_XM == 0.6,Reliability == 0.9
500,1,0.9,0.8,0.6,0.9,upi,yint,0.906,0.042077774780251445,-0.1209199206261592,-0.15451777803265562,2000,italic(N) == 500,\beta_{1} == 1,\beta_{1} == 0.9,\beta_{1} == 0.8,Correlation_XM == 0.6,Reliability == 0.9
500,1,0.9,0.85,0,0.7,rapi,yint,0.9205,0.08205092164205961,-0.14896602576525186,0.20614511360799312,2000,italic(N) == 500,\beta_{1} == 1,\beta_{1} == 0.9,\beta_{1} == 0.85,Correlation_XM == 0,Reliability == 0.7
500,1,0.9,0.85,0,0.7,tspa,yint,0.931,0.0710541187399463,-0.09105958026774252,0.07422810659135647,2000,italic(N) == 500,\beta_{1} == 1,\beta_{1} == 0.9,\beta_{1} == 0.85,Correlation_XM == 0,Reliability == 0.7
500,1,0.9,0.85,0,0.7,upi,yint,0.821,0.12290471175161514,-0.39632296946664647,-0.08259397471488185,2000,italic(N) == 500,\beta_{1} == 1,\beta_{1} == 0.9,\beta_{1} == 0.85,Correlation_XM == 0,Reliability == 0.7
500,1,0.9,0.85,0,0.8,rapi,yint,0.9245,0.06161316877736992,-0.09887448832779022,0.12143012115002536,2000,italic(N) == 500,\beta_{1} == 1,\beta_{1} == 0.9,\beta_{1} == 0.85,Correlation_XM == 0,Reliability == 0.8
500,1,0.9,0.85,0,0.8,tspa,yint,0.933,0.05713190888109302,-0.0647868328846607,0.030208348515945484,2000,italic(N) == 500,\beta_{1} == 1,\beta_{1} == 0.9,\beta_{1} == 0.85,Correlation_XM == 0,Reliability == 0.8
500,1,0.9,0.85,0,0.8,upi,yint,0.8685,0.06861732524957882,-0.18158341400624733,-0.19053741023708104,2000,italic(N) == 500,\beta_{1} == 1,\beta_{1} == 0.9,\beta_{1} == 0.85,Correlation_XM == 0,Reliability == 0.8
500,1,0.9,0.85,0,0.9,rapi,yint,0.945,0.048455928809903105,-0.03282506620988013,0.06365501564999439,2000,italic(N) == 500,\beta_{1} == 1,\beta_{1} == 0.9,\beta_{1} == 0.85,Correlation_XM == 0,Reliability == 0.9
500,1,0.9,0.85,0,0.9,tspa,yint,0.943,0.048244398422875236,-0.04828167206708056,-0.012160931720788588,2000,italic(N) == 500,\beta_{1} == 1,\beta_{1} == 0.9,\beta_{1} == 0.85,Correlation_XM == 0,Reliability == 0.9
500,1,0.9,0.85,0,0.9,upi,yint,0.9245,0.05018281102740925,-0.06774406075039097,-0.15375104146247148,2000,italic(N) == 500,\beta_{1} == 1,\beta_{1} == 0.9,\beta_{1} == 0.85,Correlation_XM == 0,Reliability == 0.9
500,1,0.9,0.85,0.3,0.7,rapi,yint,0.904,0.07715753066054822,-0.18003588827204353,0.19105240708366683,2000,italic(N) == 500,\beta_{1} == 1,\beta_{1} == 0.9,\beta_{1} == 0.85,Correlation_XM == 0.3,Reliability == 0.7
500,1,0.9,0.85,0.3,0.7,tspa,yint,0.9145,0.06706057743157413,-0.12069655173229221,0.06558203537855012,2000,italic(N) == 500,\beta_{1} == 1,\beta_{1} == 0.9,\beta_{1} == 0.85,Correlation_XM == 0.3,Reliability == 0.7
500,1,0.9,0.85,0.3,0.7,upi,yint,0.8145,0.09115949021953437,-0.27840975984610983,-0.16238394294646638,2000,italic(N) == 500,\beta_{1} == 1,\beta_{1} == 0.9,\beta_{1} == 0.85,Correlation_XM == 0.3,Reliability == 0.7
500,1,0.9,0.85,0.3,0.8,rapi,yint,0.914,0.06007797937052073,-0.14987382295378837,0.1285382382188952,2000,italic(N) == 500,\beta_{1} == 1,\beta_{1} == 0.9,\beta_{1} == 0.85,Correlation_XM == 0.3,Reliability == 0.8
500,1,0.9,0.85,0.3,0.8,tspa,yint,0.9259999999999999,0.054556742099299005,-0.1028069008193172,0.0155215246610177,2000,italic(N) == 500,\beta_{1} == 1,\beta_{1} == 0.9,\beta_{1} == 0.85,Correlation_XM == 0.3,Reliability == 0.8
500,1,0.9,0.85,0.3,0.8,upi,yint,0.8645,0.06693743405269947,-0.2249398243426246,-0.15911575372506812,2000,italic(N) == 500,\beta_{1} == 1,\beta_{1} == 0.9,\beta_{1} == 0.85,Correlation_XM == 0.3,Reliability == 0.8
500,1,0.9,0.85,0.3,0.9,rapi,yint,0.9335,0.04677934457782812,-0.07029769094907934,0.06984937552436205,2000,italic(N) == 500,\beta_{1} == 1,\beta_{1} == 0.9,\beta_{1} == 0.85,Correlation_XM == 0.3,Reliability == 0.9
500,1,0.9,0.85,0.3,0.9,tspa,yint,0.9375,0.0454158384293284,-0.06465932396749086,-0.025648635835791606,2000,italic(N) == 500,\beta_{1} == 1,\beta_{1} == 0.9,\beta_{1} == 0.85,Correlation_XM == 0.3,Reliability == 0.9
500,1,0.9,0.85,0.3,0.9,upi,yint,0.9205,0.04864215179336142,-0.10584889481295012,-0.11919256810167696,2000,italic(N) == 500,\beta_{1} == 1,\beta_{1} == 0.9,\beta_{1} == 0.85,Correlation_XM == 0.3,Reliability == 0.9
500,1,0.9,0.85,0.6,0.7,rapi,yint,0.8925,0.06568045643748431,-0.20223833219579646,0.19963362821630545,2000,italic(N) == 500,\beta_{1} == 1,\beta_{1} == 0.9,\beta_{1} == 0.85,Correlation_XM == 0.6,Reliability == 0.7
500,1,0.9,0.85,0.6,0.7,tspa,yint,0.91,0.05574141890221837,-0.12355788898557551,0.061815333241836766,2000,italic(N) == 500,\beta_{1} == 1,\beta_{1} == 0.9,\beta_{1} == 0.85,Correlation_XM == 0.6,Reliability == 0.7
500,1,0.9,0.85,0.6,0.7,upi,yint,0.8115,0.08151390541241635,-0.31373746009329406,-0.10499702375177535,2000,italic(N) == 500,\beta_{1} == 1,\beta_{1} == 0.9,\beta_{1} == 0.85,Correlation_XM == 0.6,Reliability == 0.7
500,1,0.9,0.85,0.6,0.8,rapi,yint,0.9065,0.04950049820736294,-0.14221675490056085,0.13412257575738368,2000,italic(N) == 500,\beta_{1} == 1,\beta_{1} == 0.9,\beta_{1} == 0.85,Correlation_XM == 0.6,Reliability == 0.8
500,1,0.9,0.85,0.6,0.8,tspa,yint,0.9205,0.04580477363986782,-0.10536068382807828,0.04461014801601368,2000,italic(N) == 500,\beta_{1} == 1,\beta_{1} == 0.9,\beta_{1} == 0.85,Correlation_XM == 0.6,Reliability == 0.8
500,1,0.9,0.85,0.6,0.8,upi,yint,0.8605,0.05569960474861579,-0.21476864071966228,-0.14977788624197233,2000,italic(N) == 500,\beta_{1} == 1,\beta_{1} == 0.9,\beta_{1} == 0.85,Correlation_XM == 0.6,Reliability == 0.8
500,1,0.9,0.85,0.6,0.9,rapi,yint,0.9285,0.04013922900808853,-0.08145099574930781,0.07177995232060445,2000,italic(N) == 500,\beta_{1} == 1,\beta_{1} == 0.9,\beta_{1} == 0.85,Correlation_XM == 0.6,Reliability == 0.9
500,1,0.9,0.85,0.6,0.9,tspa,yint,0.924,0.03971602481643947,-0.08970342247508312,-0.009194131950790644,2000,italic(N) == 500,\beta_{1} == 1,\beta_{1} == 0.9,\beta_{1} == 0.85,Correlation_XM == 0.6,Reliability == 0.9
500,1,0.9,0.85,0.6,0.9,upi,yint,0.9125,0.04271869861417818,-0.13209980465860127,-0.10842240967462856,2000,italic(N) == 500,\beta_{1} == 1,\beta_{1} == 0.9,\beta_{1} == 0.85,Correlation_XM == 0.6,Reliability == 0.9
